<?xml version="1.0" encoding="utf-8"?>
<install type="module" method="upgrade" version="1.5">
	<name>Social Media Links Genius</name>
	<author>Henry Hyde</author>
	<authorEmail>geniusextensions@yahoo.com</authorEmail>
	<authorUrl>www.geniusextensions.com</authorUrl>
	<creationDate>March 23, 2013</creationDate>
	<copyright>Copyright (c) 2013 Genius Extensions</copyright>
	<license>GNU GPL</license>
	<version>1.00</version>
	<description>MOD_SOCIALGENIUS</description> 

	<files>
		<filename module="mod_socialmedialinksgenius">mod_socialmedialinksgenius.php</filename>
		<filename>index.html</filename>
		<filename>style.css</filename>
	     <folder>icons/</folder>
	     <folder>assets/</folder>
		<folder>elements/</folder>
		<folder>fields/</folder>
    </files>
	<languages>
		<language tag="en-GB">en-GB.mod_socialmedialinksgenius.ini</language>
	</languages>

<media destination="colorpicker/js" folder="">
	<filename>color-picker.js</filename>
</media> 

	<params addpath="/modules/mod_socialmedialinksgenius/elements">

		<param name="Genius Extensions" type="spacer" default="OURINFO" />

		<param name="spacer101" type="spacer" default="&lt;div style=&quot;font-weight:bold;font-size:16px;color:#fff;padding:4px;margin:0;background:#448400;&quot;&gt;Social Media Links Genius&lt;/div&gt;" />

		<param name="spacer99" type="spacer" default="&lt;div style=&quot;font-size:12px;color:#fff;padding:4px;margin:0;background:#448400;&quot;&gt;General Module Parameters&lt;/div&gt;" />

	     <param name="moduleclass_sfx" type="text" default="" label="Module Class Suffix" description="A suffix to be applied to the css class of the module (table.moduletable), this allows individual module styling" />

		<param name="cssstyle" type="text" default="" label="Button CSS style" description="CSS Style for Module Area Buttons" />

		<param name="size" type="text" default="32" label="Choose Icon Size" description="Choose the size of your icons (Typically between 24 and 64 pixels)." />

		<param name="margin" type="text" default="2px" label="Space between icons" description="Enter the amount of space you would like between icons (Typically between 1 and 3)."/>			

		<param name="text" type="text" default="Follow us on" label="Hover Text" description="Text to display when you mouseover the icon. ex: 'Follow us on' (The icon name will be apended to the end of this text to display ex: 'Follow us on Twitter'"/>
		
		<param name="rsstext" type="text" default="RSS Feed" label="Hover Text for RSS Icon" description="If you are using the RSS Icon, add the text to display when you mouseover the icon. ex: 'Subscribe to our Feed' (This module does not generate a feed, it only provides an RSS icon to link to your feed)"/>
	
		<param name="target" type="radio" default="_blank" label="Target" description="Choose to open the link in a new browser window or the same window">
				<option value="_blank">New Window</option>
				<option value="_self">Same Window</option>
		</param>
	
		<param name="robots" type="radio" default="1" label="Include the rel='nofollow' link attribute" description="Search Engines that support the rel='nofollow' attribute exclude these links from their ranking calculation ">
				<option value="0">No</option>
				<option value="1">Yes</option>
		</param>
			
		<param name="align" type="radio" default="center" label="Align Icons" description="Choose to align the icons to the left to the right or in the center.">
				<option value="left">Left</option>
				<option value="center">Center</option>
				<option value="right">Right</option>
		</param>

		<param name="alignment" type="radio" default="horizontal" label="Alignment" description="How would you like to display your buttons horizontal or vertical.">
				<option value="horizontal">Horizontal</option>
				<option value="vertical">Vertical</option>
		</param>

		<param name="spacerc" type="spacer" default="" label="" description="" />
		<param name="spacer98art299" type="spacer" default="&lt;div style=&quot;font-size:10px;color:#000;padding:4px;margin:0;background:#fff000;&quot;&gt;Special Effect Parameters&lt;/div&gt;" />
		
		<param name="effect" type="list" default="none" label="Special Effect" description="Choose which type of special effect you would like to display or choose none.">
				<option value="none">None</option>
				<option value="dogear">Dog Ear</option>
				<option value="enlarge">Enlarge</option>
				<option value="shrink">Shrink</option>
				<option value="shiftup">Shift Up</option>
				<option value="shiftdown">Shift Down</option>
				<option value="shiftright">Shift Right</option>
				<option value="shiftleft">Shift Left</option>
				<option value="highlight">Highlight</option>
				<option value="rotate">Rotate</option>
				<option value="bullseye">Bullseye</option>
				<option value="custom">Custom</option>
		</param>

		<param name="opacity" type="list" default="100" label="Opacity Level" description="Choose the level of opacity to display your icons.">
				<option value="100">100</option>
				<option value="90">90</option>
				<option value="80">80</option>
				<option value="70">70</option>
				<option value="60">60</option>
				<option value="50">50</option>
				<option value="40">40</option>
				<option value="30">30</option>
				<option value="20">20</option>
				<option value="10">10</option>
		</param>

		<param name="modcolor" type="colorpicker" default="#ffffff" label="Background Color" description="The background color the area to display the buttons in HEX format (ex. #ffffff default white) Please include #."/>	

		<param name="highlight" type="colorpicker" default="#fff000" label="Color to Highlight Border" description="Choose a bright color to highlight your icon border in HEX (ex. #fff000 default is yellow - for highlight effect) Please include #."/>		
		
		<param name="rotatedeg" type="list" default="90" label="Degrees to Rotate" description="Choose the number of degrees to rotate your icons.">	
				<option value="-90">-90</option>
				<option value="-180">-180</option>
				<option value="-270">-270</option>
				<option value="90">90</option>
				<option value="180">180</option>
				<option value="270">270</option>
		</param>

	<param name="spacer98c" type="spacer" default="&lt;div style=&quot;font-size:10px;color:#000;padding:4px;margin:0;background:#fff000;&quot;&gt;Floating Button Parameters&lt;/div&gt;" />

    <param name="sidebar" type="radio" default="no" label="Enable Icons on Side" description="Enable the Display of the Icons along the side of the screen.">
       <option value="yes">Yes</option>
       <option value="no">No</option>
    </param>

	<param name="padbottom" type="text" default="10" label="Margin Top or Bottom" description="Choose the Amount of space in pixels from the bottom or the top depending on where you align them." size="5" />

	<param name="padrorl" type="text" default="2" label="Margin L/R or Center" description="Choose the Amount of space in pixels from the left or the right or away from the center of the screen." size="5" />

    <param name="positioning" type="radio" default="fixed" label="Style Fixed" description="The icons are 'fixed' to a position on the screen when scrolling.">
       <option value="fixed">Fixed</option>
    </param>

    <param name="startpos" type="radio" default="center" label="Starting Position of Icons" description="Choose where the starting position of the icons originates from, either the center of the screen or the side of the screen.">
       <option value="center">Center of Screen</option>
       <option value="side">Side of Screen</option>
    </param>

    <param name="orientation" type="radio" default="right" label="Orientation of Icons" description="Orientation of Icons. Right or Left side of screen.">
       <option value="right">Right</option>
       <option value="left">Left</option>
    </param>

    <param name="toporbot" type="radio" default="top" label="Placement of Icons" description="Placement of Icons. Either the Top of the Screen or the Bottom of the Screen.">
       <option value="top">Top</option>
       <option value="bottom">Bottom</option>
    </param>

		<param name="@spacer" type="spacer" default="" label="" description="" />

		<param name="spacer12bg" type="spacer" default="&lt;div style=&quot;font-size:10px;color:#000;padding:4px;margin:0;background:#fff000;&quot;&gt;Background Settings&lt;/div&gt;" />


    <param name="backdrop" type="radio" default="no" label="Display A Backdrop" description="Would you like to display a backdrop for your buttons.">
       <option value="yes">Yes</option>
       <option value="no">No</option>
    </param>

    <param name="backdropcol" type="text" default="" label="Backdrop Color" description="The color of the backdrop in hex ex. #000000" />

    <param name="bkdropheight" type="text" default="" label="Backdrop Height" description="The Height of the backdrop in pixels." />

    <param name="bkdropwidth" type="text" default="" label="Backdrop Width" description="The Width of the backdrop in pixels." />

	<param name="bkdropborder" type="list" default="none" label="Border Style" description="Choose your border style.">
		<option value="none">None</option>
		<option value="dotted">Dotted</option>
		<option value="dashed">Dashed</option>
		<option value="solid">Solid</option>
		<option value="double">Double</option>
		<option value="groove">Groove</option>
		<option value="ridge">Ridge</option>
		<option value="inset">Inset</option>
		<option value="outset">Outset</option>
	</param>

	<param name="bkdropborwidth" type="list" default="2" label="Border Width" description="Choose your border width.">
		<option value="1">1</option>
		<option value="2">2</option>
		<option value="3">3</option>
		<option value="4">4</option>
		<option value="5">5</option>
		<option value="6">6</option>
		<option value="7">7</option>
		<option value="8">8</option>
		<option value="9">9</option>
	</param>

	<param name="bkdropcss" type="text" default="" label="Backdrop Style CSS" description="The CSS Style of the backdrop." size="50" />

	<param name="css2" type="text" default="" label="Button CSS style" description="CSS Style for Sidebar Area Buttons" />

		<param name="spacer0" type="spacer" default="" label="" description="" />

		<param name="spacer10" type="spacer" default="&lt;div style=&quot;font-size:16px;color:#fff;padding:4px;margin:0;background:#448400;&quot;&gt;Social Media Networking Sites&lt;/div&gt;" />

		<param name="spacer11" type="spacer" default="&lt;div style=&quot;font-size:12px;color:#fff;padding:4px;margin:0;background:#448400;&quot;&gt;Choose a Social Networking Site from the Dropdown, then enter the URL to your Profile Page.&lt;/div&gt;" />

		<param name="spacer11go" type="spacer" default="&lt;div style=&quot;font-size:12px;color:#000;padding:4px;margin:0;background:#DFF705;&quot;&gt;For Google +1, Place your id in the url field.&lt;/div&gt;" />

		<param name="ic1" type="imagelist" default="" label="Choose Icon" description="Select the icon image that you want to display" directory="/modules/mod_socialmedialinksgenius/icons" striptext="" />
		<param name="url1" type="text" default="" size="75" label="URL" description="Type the full URL including http://"/>
		

		<param name="ht1" type="text" default="" size="75" label="Hover Text" description="Text to display when you mouseover the icon. ex: 'Follow us on' (The icon name will be apended to the end of this text to display ex: 'Follow us on Twitter'"/>

		<param name="@spacer" type="spacer" default="" label="" description="" />
		
		<param name="ic2" type="imagelist" default="" label="Choose Icon" description="Select the icon image that you want to display" directory="/modules/mod_socialmedialinksgenius/icons" striptext="" />
		<param name="url2" type="text" default="" size="75" label="URL" description="Type the full URL including http://"/>
		

		<param name="ht2" type="text" default="" size="75" label="Hover Text" description="Text to display when you mouseover the icon. ex: 'Follow us on' (The icon name will be apended to the end of this text to display ex: 'Follow us on Twitter'"/>
		
		<param name="ic3" type="imagelist" default="" label="Choose Icon" description="Select the icon image that you want to display" directory="/modules/mod_socialmedialinksgenius/icons" striptext="" />
		<param name="url3" type="text" default="" size="75" label="URL" description="Type the full URL including http://"/>
		

		<param name="ht3" type="text" default="" size="75" label="Hover Text" description="Text to display when you mouseover the icon. ex: 'Follow us on' (The icon name will be apended to the end of this text to display ex: 'Follow us on Twitter'"/>

		<param name="ic4" type="imagelist" default="" label="Choose Icon" description="Select the icon image that you want to display" directory="/modules/mod_socialmedialinksgenius/icons" striptext="" />
		<param name="url4" type="text" default="" size="75" label="URL" description="Type the full URL including http://"/>
		
		
		<param name="ht4" type="text" default="" size="75" label="Hover Text" description="Text to display when you mouseover the icon. ex: 'Follow us on' (The icon name will be apended to the end of this text to display ex: 'Follow us on Twitter'"/>

		<param name="ic5" type="imagelist" default="" label="Choose Icon" description="Select the icon image that you want to display" directory="/modules/mod_socialmedialinksgenius/icons" striptext="" />
		<param name="url5" type="text" default="" size="75" label="URL" description="Type the full URL including http://"/>
		
		
		<param name="ht5" type="text" default="" size="75" label="Hover Text" description="Text to display when you mouseover the icon. ex: 'Follow us on' (The icon name will be apended to the end of this text to display ex: 'Follow us on Twitter'"/>

		<param name="ic6" type="imagelist" default="" label="Choose Icon" description="Select the icon image that you want to display" directory="/modules/mod_socialmedialinksgenius/icons" striptext="" />
		<param name="url6" type="text" default="" size="75" label="URL" description="Type the full URL including http://"/>
		

		<param name="ht6" type="text" default="" size="75" label="Hover Text" description="Text to display when you mouseover the icon. ex: 'Follow us on' (The icon name will be apended to the end of this text to display ex: 'Follow us on Twitter'"/>
		
		<param name="ic7" type="imagelist" default="" label="Choose Icon" description="Select the icon image that you want to display" directory="/modules/mod_socialmedialinksgenius/icons" striptext="" />
		<param name="url7" type="text" default="" size="75" label="URL" description="Type the full URL including http://"/>
		

		<param name="ht7" type="text" default="" size="75" label="Hover Text" description="Text to display when you mouseover the icon. ex: 'Follow us on' (The icon name will be apended to the end of this text to display ex: 'Follow us on Twitter'"/>
		
		<param name="ic8" type="imagelist" default="" label="Choose Icon" description="Select the icon image that you want to display" directory="/modules/mod_socialmedialinksgenius/icons" striptext="" />
		<param name="url8" type="text" default="" size="75" label="URL" description="Type the full URL including http://"/>
		
		
		<param name="ht8" type="text" default="" size="75" label="Hover Text" description="Text to display when you mouseover the icon. ex: 'Follow us on' (The icon name will be apended to the end of this text to display ex: 'Follow us on Twitter'"/>

		<param name="ic9" type="imagelist" default="" label="Choose Icon" description="Select the icon image that you want to display" directory="/modules/mod_socialmedialinksgenius/icons" striptext="" />
		<param name="url9" type="text" default="" size="75" label="URL" description="Type the full URL including http://"/>
		

		<param name="ht9" type="text" default="" size="75" label="Hover Text" description="Text to display when you mouseover the icon. ex: 'Follow us on' (The icon name will be apended to the end of this text to display ex: 'Follow us on Twitter'"/>

		
		<param name="ic10" type="imagelist" default="" label="Choose Icon" description="Select the icon image that you want to display" directory="/modules/mod_socialmedialinksgenius/icons" striptext="" />
		<param name="url10" type="text" default="" size="75" label="URL" description="Type the full URL including http://"/>
		
		
		<param name="ht10" type="text" default="" size="75" label="Hover Text" description="Text to display when you mouseover the icon. ex: 'Follow us on' (The icon name will be apended to the end of this text to display ex: 'Follow us on Twitter'"/>

		<param name="ic11" type="imagelist" default="" label="Choose Icon" description="Select the icon image that you want to display" directory="/modules/mod_socialmedialinksgenius/icons" striptext="" />
		<param name="url11" type="text" default="" size="75" label="URL" description="Type the full URL including http://"/>
		
		
		<param name="ht11" type="text" default="" size="75" label="Hover Text" description="Text to display when you mouseover the icon. ex: 'Follow us on' (The icon name will be apended to the end of this text to display ex: 'Follow us on Twitter'"/>

		<param name="ic12" type="imagelist" default="" label="Choose Icon" description="Select the icon image that you want to display" directory="/modules/mod_socialmedialinksgenius/icons" striptext="" />
		<param name="url12" type="text" default="" size="75" label="URL" description="Type the full URL including http://"/>
		

		<param name="ht12" type="text" default="" size="75" label="Hover Text" description="Text to display when you mouseover the icon. ex: 'Follow us on' (The icon name will be apended to the end of this text to display ex: 'Follow us on Twitter'"/>

		
		<param name="ic13" type="imagelist" default="" label="Choose Icon" description="Select the icon image that you want to display" directory="/modules/mod_socialmedialinksgenius/icons" striptext="" />
		<param name="url13" type="text" default="" size="75" label="URL" description="Type the full URL including http://"/>
		

		<param name="ht13" type="text" default="" size="75" label="Hover Text" description="Text to display when you mouseover the icon. ex: 'Follow us on' (The icon name will be apended to the end of this text to display ex: 'Follow us on Twitter'"/>

		
		<param name="ic14" type="imagelist" default="" label="Choose Icon" description="Select the icon image that you want to display" directory="/modules/mod_socialmedialinksgenius/icons" striptext="" />
		<param name="url14" type="text" default="" size="75" label="URL" description="Type the full URL including http://"/>
		
		

		<param name="ht14" type="text" default="" size="75" label="Hover Text" description="Text to display when you mouseover the icon. ex: 'Follow us on' (The icon name will be apended to the end of this text to display ex: 'Follow us on Twitter'"/>

		<param name="ic15" type="imagelist" default="" label="Choose Icon" description="Select the icon image that you want to display" directory="/modules/mod_socialmedialinksgenius/icons" striptext="" />
		<param name="url15" type="text" default="" size="75" label="URL" description="Type the full URL including http://"/>
		

		<param name="ht15" type="text" default="" size="75" label="Hover Text" description="Text to display when you mouseover the icon. ex: 'Follow us on' (The icon name will be apended to the end of this text to display ex: 'Follow us on Twitter'"/>

		
		<param name="ic16" type="imagelist" default="" label="Choose Icon" description="Select the icon image that you want to display" directory="/modules/mod_socialmedialinksgenius/icons" striptext="" />
		<param name="url16" type="text" default="" size="75" label="URL" description="Type the full URL including http://"/>
		

		<param name="ht16" type="text" default="" size="75" label="Hover Text" description="Text to display when you mouseover the icon. ex: 'Follow us on' (The icon name will be apended to the end of this text to display ex: 'Follow us on Twitter'"/>

		
		<param name="ic17" type="imagelist" default="" label="Choose Icon" description="Select the icon image that you want to display" directory="/modules/mod_socialmedialinksgenius/icons" striptext="" />
		<param name="url17" type="text" default="" size="75" label="URL" description="Type the full URL including http://"/>
		

		<param name="ht17" type="text" default="" size="75" label="Hover Text" description="Text to display when you mouseover the icon. ex: 'Follow us on' (The icon name will be apended to the end of this text to display ex: 'Follow us on Twitter'"/>

		
		<param name="ic18" type="imagelist" default="" label="Choose Icon" description="Select the icon image that you want to display" directory="/modules/mod_socialmedialinksgenius/icons" striptext="" />
		<param name="url18" type="text" default="" size="75" label="URL" description="Type the full URL including http://"/>
		

		<param name="ht18" type="text" default="" size="75" label="Hover Text" description="Text to display when you mouseover the icon. ex: 'Follow us on' (The icon name will be apended to the end of this text to display ex: 'Follow us on Twitter'"/>

		
		<param name="ic19" type="imagelist" default="" label="Choose Icon" description="Select the icon image that you want to display" directory="/modules/mod_socialmedialinksgenius/icons" striptext="" />
		<param name="url19" type="text" default="" size="75" label="URL" description="Type the full URL including http://"/>
		

		<param name="ht19" type="text" default="" size="75" label="Hover Text" description="Text to display when you mouseover the icon. ex: 'Follow us on' (The icon name will be apended to the end of this text to display ex: 'Follow us on Twitter'"/>

		
		<param name="ic20" type="imagelist" default="" label="Choose Icon" description="Select the icon image that you want to display" directory="/modules/mod_socialmedialinksgenius/icons" striptext="" />
		<param name="url20" type="text" default="" size="75" label="URL" description="Type the full URL including http://"/>
		

		<param name="ht20" type="text" default="" size="75" label="Hover Text" description="Text to display when you mouseover the icon. ex: 'Follow us on' (The icon name will be apended to the end of this text to display ex: 'Follow us on Twitter'"/>

		
		<param name="ic21" type="imagelist" default="" label="Choose Icon" description="Select the icon image that you want to display" directory="/modules/mod_socialmedialinksgenius/icons" striptext="" />
		<param name="url21" type="text" default="" size="75" label="URL" description="Type the full URL including http://"/>
		
		

		<param name="ht21" type="text" default="" size="75" label="Hover Text" description="Text to display when you mouseover the icon. ex: 'Follow us on' (The icon name will be apended to the end of this text to display ex: 'Follow us on Twitter'"/>

		<param name="ic22" type="imagelist" default="" label="Choose Icon" description="Select the icon image that you want to display" directory="/modules/mod_socialmedialinksgenius/icons" striptext="" />
		<param name="url22" type="text" default="" size="75" label="URL" description="Type the full URL including http://"/>
		

		<param name="ht22" type="text" default="" size="75" label="Hover Text" description="Text to display when you mouseover the icon. ex: 'Follow us on' (The icon name will be apended to the end of this text to display ex: 'Follow us on Twitter'"/>
		
		<param name="ic23" type="imagelist" default="" label="Choose Icon" description="Select the icon image that you want to display" directory="/modules/mod_socialmedialinksgenius/icons" striptext="" />
		<param name="url23" type="text" default="" size="75" label="URL" description="Type the full URL including http://"/>
		

		<param name="ht1" type="text" default="" size="75" label="Hover Text" description="Text to display when you mouseover the icon. ex: 'Follow us on' (The icon name will be apended to the end of this text to display ex: 'Follow us on Twitter'"/>
		
		<param name="ic24" type="imagelist" default="" label="Choose Icon" description="Select the icon image that you want to display" directory="/modules/mod_socialmedialinksgenius/icons" striptext="" />
		<param name="url24" type="text" default="" size="75" label="URL" description="Type the full URL including http://"/>
		

		<param name="ht24" type="text" default="" size="75" label="Hover Text" description="Text to display when you mouseover the icon. ex: 'Follow us on' (The icon name will be apended to the end of this text to display ex: 'Follow us on Twitter'"/>
		
		<param name="ic25" type="imagelist" default="" label="Choose Icon" description="Select the icon image that you want to display" directory="/modules/mod_socialmedialinksgenius/icons" striptext="" />
		<param name="url25" type="text" default="" size="75" label="URL" description="Type the full URL including http://"/>
		

		<param name="ht25" type="text" default="" size="75" label="Hover Text" description="Text to display when you mouseover the icon. ex: 'Follow us on' (The icon name will be apended to the end of this text to display ex: 'Follow us on Twitter'"/>
		
		<param name="ic26" type="imagelist" default="" label="Choose Icon" description="Select the icon image that you want to display" directory="/modules/mod_socialmedialinksgenius/icons" striptext="" />
		<param name="url26" type="text" default="" size="75" label="URL" description="Type the full URL including http://"/>
		

		<param name="ht26" type="text" default="" size="75" label="Hover Text" description="Text to display when you mouseover the icon. ex: 'Follow us on' (The icon name will be apended to the end of this text to display ex: 'Follow us on Twitter'"/>
		
		<param name="ic27" type="imagelist" default="" label="Choose Icon" description="Select the icon image that you want to display" directory="/modules/mod_socialmedialinksgenius/icons" striptext="" />
		<param name="url27" type="text" default="" size="75" label="URL" description="Type the full URL including http://"/>
		

		<param name="ht27" type="text" default="" size="75" label="Hover Text" description="Text to display when you mouseover the icon. ex: 'Follow us on' (The icon name will be apended to the end of this text to display ex: 'Follow us on Twitter'"/>
		
		<param name="ic28" type="imagelist" default="" label="Choose Icon" description="Select the icon image that you want to display" directory="/modules/mod_socialmedialinksgenius/icons" striptext="" />
		<param name="url28" type="text" default="" size="75" label="URL" description="Type the full URL including http://"/>
		

		<param name="ht28" type="text" default="" size="75" label="Hover Text" description="Text to display when you mouseover the icon. ex: 'Follow us on' (The icon name will be apended to the end of this text to display ex: 'Follow us on Twitter'"/>
		
		<param name="ic29" type="imagelist" default="" label="Choose Icon" description="Select the icon image that you want to display" directory="/modules/mod_socialmedialinksgenius/icons" striptext="" />
		<param name="url29" type="text" default="" size="75" label="URL" description="Type the full URL including http://"/>
		
		

		<param name="ht29" type="text" default="" size="75" label="Hover Text" description="Text to display when you mouseover the icon. ex: 'Follow us on' (The icon name will be apended to the end of this text to display ex: 'Follow us on Twitter'"/>

		<param name="ic30" type="imagelist" default="" label="Choose Icon" description="Select the icon image that you want to display" directory="/modules/mod_socialmedialinksgenius/icons" striptext="" />
		<param name="url30" type="text" default="" size="75" label="URL" description="Type the full URL including http://"/>
		

		<param name="ht30" type="text" default="" size="75" label="Hover Text" description="Text to display when you mouseover the icon. ex: 'Follow us on' (The icon name will be apended to the end of this text to display ex: 'Follow us on Twitter'"/>
		
		<param name="ic31" type="imagelist" default="" label="Choose Icon" description="Select the icon image that you want to display" directory="/modules/mod_socialmedialinksgenius/icons" striptext="" />
		<param name="url31" type="text" default="" size="75" label="URL" description="Type the full URL including http://"/>
		

		<param name="ht31" type="text" default="" size="75" label="Hover Text" description="Text to display when you mouseover the icon. ex: 'Follow us on' (The icon name will be apended to the end of this text to display ex: 'Follow us on Twitter'"/>

		<param name="ic32" type="imagelist" default="" label="Choose Icon" description="Select the icon image that you want to display" directory="/modules/mod_socialmedialinksgenius/icons" striptext="" />
		<param name="url32" type="text" default="" size="75" label="URL" description="Type the full URL including http://"/>
		

		<param name="ht32" type="text" default="" size="75" label="Hover Text" description="Text to display when you mouseover the icon. ex: 'Follow us on' (The icon name will be apended to the end of this text to display ex: 'Follow us on Twitter'"/>

		<param name="ic33" type="imagelist" default="" label="Choose Icon" description="Select the icon image that you want to display" directory="/modules/mod_socialmedialinksgenius/icons" striptext="" />
		<param name="url33" type="text" default="" size="75" label="URL" description="Type the full URL including http://"/>
		

		<param name="ht33" type="text" default="" size="75" label="Hover Text" description="Text to display when you mouseover the icon. ex: 'Follow us on' (The icon name will be apended to the end of this text to display ex: 'Follow us on Twitter'"/>

		<param name="ic34" type="imagelist" default="" label="Choose Icon" description="Select the icon image that you want to display" directory="/modules/mod_socialmedialinksgenius/icons" striptext="" />
		<param name="url34" type="text" default="" size="75" label="URL" description="Type the full URL including http://"/>
		

		<param name="ht34" type="text" default="" size="75" label="Hover Text" description="Text to display when you mouseover the icon. ex: 'Follow us on' (The icon name will be apended to the end of this text to display ex: 'Follow us on Twitter'"/>

		<param name="ic35" type="imagelist" default="" label="Choose Icon" description="Select the icon image that you want to display" directory="/modules/mod_socialmedialinksgenius/icons" striptext="" />
		<param name="url35" type="text" default="" size="75" label="URL" description="Type the full URL including http://"/>
		

		<param name="ht35" type="text" default="" size="75" label="Hover Text" description="Text to display when you mouseover the icon. ex: 'Follow us on' (The icon name will be apended to the end of this text to display ex: 'Follow us on Twitter'"/>

		<param name="ic36" type="imagelist" default="" label="Choose Icon" description="Select the icon image that you want to display" directory="/modules/mod_socialmedialinksgenius/icons" striptext="" />
		<param name="url36" type="text" default="" size="75" label="URL" description="Type the full URL including http://"/>
		

		<param name="ht36" type="text" default="" size="75" label="Hover Text" description="Text to display when you mouseover the icon. ex: 'Follow us on' (The icon name will be apended to the end of this text to display ex: 'Follow us on Twitter'"/>

		<param name="ic37" type="imagelist" default="" label="Choose Icon" description="Select the icon image that you want to display" directory="/modules/mod_socialmedialinksgenius/icons" striptext="" />
		<param name="url37" type="text" default="" size="75" label="URL" description="Type the full URL including http://"/>
		

		<param name="ht37" type="text" default="" size="75" label="Hover Text" description="Text to display when you mouseover the icon. ex: 'Follow us on' (The icon name will be apended to the end of this text to display ex: 'Follow us on Twitter'"/>

		<param name="ic38" type="imagelist" default="" label="Choose Icon" description="Select the icon image that you want to display" directory="/modules/mod_socialmedialinksgenius/icons" striptext="" />
		<param name="url38" type="text" default="" size="75" label="URL" description="Type the full URL including http://"/>
		

		<param name="ht38" type="text" default="" size="75" label="Hover Text" description="Text to display when you mouseover the icon. ex: 'Follow us on' (The icon name will be apended to the end of this text to display ex: 'Follow us on Twitter'"/>

		<param name="ic39" type="imagelist" default="" label="Choose Icon" description="Select the icon image that you want to display" directory="/modules/mod_socialmedialinksgenius/icons" striptext="" />
		<param name="url39" type="text" default="" size="75" label="URL" description="Type the full URL including http://"/>
		

		<param name="ht39" type="text" default="" size="75" label="Hover Text" description="Text to display when you mouseover the icon. ex: 'Follow us on' (The icon name will be apended to the end of this text to display ex: 'Follow us on Twitter'"/>

		<param name="ic40" type="imagelist" default="" label="Choose Icon" description="Select the icon image that you want to display" directory="/modules/mod_socialmedialinksgenius/icons" striptext="" />
		<param name="url40" type="text" default="" size="75" label="URL" description="Type the full URL including http://"/>
		

		<param name="ht40" type="text" default="" size="75" label="Hover Text" description="Text to display when you mouseover the icon. ex: 'Follow us on' (The icon name will be apended to the end of this text to display ex: 'Follow us on Twitter'"/>

		<param name="ic41" type="imagelist" default="" label="Choose Icon" description="Select the icon image that you want to display" directory="/modules/mod_socialmedialinksgenius/icons" striptext="" />
		<param name="url41" type="text" default="" size="75" label="URL" description="Type the full URL including http://"/>
		

		<param name="ht41" type="text" default="" size="75" label="Hover Text" description="Text to display when you mouseover the icon. ex: 'Follow us on' (The icon name will be apended to the end of this text to display ex: 'Follow us on Twitter'"/>

		<param name="ic42" type="imagelist" default="" label="Choose Icon" description="Select the icon image that you want to display" directory="/modules/mod_socialmedialinksgenius/icons" striptext="" />
		<param name="url42" type="text" default="" size="75" label="URL" description="Type the full URL including http://"/>
		

		<param name="ht42" type="text" default="" size="75" label="Hover Text" description="Text to display when you mouseover the icon. ex: 'Follow us on' (The icon name will be apended to the end of this text to display ex: 'Follow us on Twitter'"/>

		<param name="ic43" type="imagelist" default="" label="Choose Icon" description="Select the icon image that you want to display" directory="/modules/mod_socialmedialinksgenius/icons" striptext="" />
		<param name="url43" type="text" default="" size="75" label="URL" description="Type the full URL including http://"/>
		

		<param name="ht43" type="text" default="" size="75" label="Hover Text" description="Text to display when you mouseover the icon. ex: 'Follow us on' (The icon name will be apended to the end of this text to display ex: 'Follow us on Twitter'"/>

		<param name="ic44" type="imagelist" default="" label="Choose Icon" description="Select the icon image that you want to display" directory="/modules/mod_socialmedialinksgenius/icons" striptext="" />
		<param name="url44" type="text" default="" size="75" label="URL" description="Type the full URL including http://"/>
		


		<param name="ht44" type="text" default="" size="75" label="Hover Text" description="Text to display when you mouseover the icon. ex: 'Follow us on' (The icon name will be apended to the end of this text to display ex: 'Follow us on Twitter'"/>

		<param name="ic45" type="imagelist" default="" label="Choose Icon" description="Select the icon image that you want to display" directory="/modules/mod_socialmedialinksgenius/icons" striptext="" />
		<param name="url45" type="text" default="" size="75" label="URL" description="Type the full URL including http://"/>
		

		<param name="ht45" type="text" default="" size="75" label="Hover Text" description="Text to display when you mouseover the icon. ex: 'Follow us on' (The icon name will be apended to the end of this text to display ex: 'Follow us on Twitter'"/>

		<param name="ic46" type="imagelist" default="" label="Choose Icon" description="Select the icon image that you want to display" directory="/modules/mod_socialmedialinksgenius/icons" striptext="" />
		<param name="url46" type="text" default="" size="75" label="URL" description="Type the full URL including http://"/>
		

		<param name="ht46" type="text" default="" size="75" label="Hover Text" description="Text to display when you mouseover the icon. ex: 'Follow us on' (The icon name will be apended to the end of this text to display ex: 'Follow us on Twitter'"/>

		<param name="ic47" type="imagelist" default="" label="Choose Icon" description="Select the icon image that you want to display" directory="/modules/mod_socialmedialinksgenius/icons" striptext="" />
		<param name="url47" type="text" default="" size="75" label="URL" description="Type the full URL including http://"/>
		

		<param name="ht47" type="text" default="" size="75" label="Hover Text" description="Text to display when you mouseover the icon. ex: 'Follow us on' (The icon name will be apended to the end of this text to display ex: 'Follow us on Twitter'"/>

		<param name="ic48" type="imagelist" default="" label="Choose Icon" description="Select the icon image that you want to display" directory="/modules/mod_socialmedialinksgenius/icons" striptext="" />
		<param name="url48" type="text" default="" size="75" label="URL" description="Type the full URL including http://"/>
		

		<param name="ht48" type="text" default="" size="75" label="Hover Text" description="Text to display when you mouseover the icon. ex: 'Follow us on' (The icon name will be apended to the end of this text to display ex: 'Follow us on Twitter'"/>

		<param name="ic49" type="imagelist" default="" label="Choose Icon" description="Select the icon image that you want to display" directory="/modules/mod_socialmedialinksgenius/icons" striptext="" />
		<param name="url49" type="text" default="" size="75" label="URL" description="Type the full URL including http://"/>
		

		<param name="ht49" type="text" default="" size="75" label="Hover Text" description="Text to display when you mouseover the icon. ex: 'Follow us on' (The icon name will be apended to the end of this text to display ex: 'Follow us on Twitter'"/>

		<param name="ic50" type="imagelist" default="" label="Choose Icon" description="Select the icon image that you want to display" directory="/modules/mod_socialmedialinksgenius/icons" striptext="" />
		<param name="url50" type="text" default="" size="75" label="URL" description="Type the full URL including http://"/>
		

		<param name="ht50" type="text" default="" size="75" label="Hover Text" description="Text to display when you mouseover the icon. ex: 'Follow us on' (The icon name will be apended to the end of this text to display ex: 'Follow us on Twitter'"/>

		<param name="ic51" type="imagelist" default="" label="Choose Icon" description="Select the icon image that you want to display" directory="/modules/mod_socialmedialinksgenius/icons" striptext="" />
		<param name="url51" type="text" default="" size="75" label="URL" description="Type the full URL including http://"/>
		

		<param name="ht51" type="text" default="" size="75" label="Hover Text" description="Text to display when you mouseover the icon. ex: 'Follow us on' (The icon name will be apended to the end of this text to display ex: 'Follow us on Twitter'"/>

		<param name="ic52" type="imagelist" default="" label="Choose Icon" description="Select the icon image that you want to display" directory="/modules/mod_socialmedialinksgenius/icons" striptext="" />
		<param name="url52" type="text" default="" size="75" label="URL" description="Type the full URL including http://"/>
		

		<param name="ht52" type="text" default="" size="75" label="Hover Text" description="Text to display when you mouseover the icon. ex: 'Follow us on' (The icon name will be apended to the end of this text to display ex: 'Follow us on Twitter'"/>

		<param name="ic53" type="imagelist" default="" label="Choose Icon" description="Select the icon image that you want to display" directory="/modules/mod_socialmedialinksgenius/icons" striptext="" />
		<param name="url53" type="text" default="" size="75" label="URL" description="Type the full URL including http://"/>
		

		<param name="ht53" type="text" default="" size="75" label="Hover Text" description="Text to display when you mouseover the icon. ex: 'Follow us on' (The icon name will be apended to the end of this text to display ex: 'Follow us on Twitter'"/>

		<param name="ic54" type="imagelist" default="" label="Choose Icon" description="Select the icon image that you want to display" directory="/modules/mod_socialmedialinksgenius/icons" striptext="" />
		<param name="url54" type="text" default="" size="75" label="URL" description="Type the full URL including http://"/>
		

		<param name="ht54" type="text" default="" size="75" label="Hover Text" description="Text to display when you mouseover the icon. ex: 'Follow us on' (The icon name will be apended to the end of this text to display ex: 'Follow us on Twitter'"/>

		<param name="ic55" type="imagelist" default="" label="Choose Icon" description="Select the icon image that you want to display" directory="/modules/mod_socialmedialinksgenius/icons" striptext="" />
		<param name="url55" type="text" default="" size="75" label="URL" description="Type the full URL including http://"/>
		

		<param name="ht55" type="text" default="" size="75" label="Hover Text" description="Text to display when you mouseover the icon. ex: 'Follow us on' (The icon name will be apended to the end of this text to display ex: 'Follow us on Twitter'"/>

		<param name="ic56" type="imagelist" default="" label="Choose Icon" description="Select the icon image that you want to display" directory="/modules/mod_socialmedialinksgenius/icons" striptext="" />
		<param name="url56" type="text" default="" size="75" label="URL" description="Type the full URL including http://"/>
		

		<param name="ht56" type="text" default="" size="75" label="Hover Text" description="Text to display when you mouseover the icon. ex: 'Follow us on' (The icon name will be apended to the end of this text to display ex: 'Follow us on Twitter'"/>

		<param name="ic57" type="imagelist" default="" label="Choose Icon" description="Select the icon image that you want to display" directory="/modules/mod_socialmedialinksgenius/icons" striptext="" />
		<param name="url57" type="text" default="" size="75" label="URL" description="Type the full URL including http://"/>
		

		<param name="ht57" type="text" default="" size="75" label="Hover Text" description="Text to display when you mouseover the icon. ex: 'Follow us on' (The icon name will be apended to the end of this text to display ex: 'Follow us on Twitter'"/>

		<param name="ic58" type="imagelist" default="" label="Choose Icon" description="Select the icon image that you want to display" directory="/modules/mod_socialmedialinksgenius/icons" striptext="" />
		<param name="url58" type="text" default="" size="75" label="URL" description="Type the full URL including http://"/>
		

		<param name="ht58" type="text" default="" size="75" label="Hover Text" description="Text to display when you mouseover the icon. ex: 'Follow us on' (The icon name will be apended to the end of this text to display ex: 'Follow us on Twitter'"/>

		<param name="ic59" type="imagelist" default="" label="Choose Icon" description="Select the icon image that you want to display" directory="/modules/mod_socialmedialinksgenius/icons" striptext="" />
		<param name="url59" type="text" default="" size="75" label="URL" description="Type the full URL including http://"/>
		

		<param name="ht59" type="text" default="" size="75" label="Hover Text" description="Text to display when you mouseover the icon. ex: 'Follow us on' (The icon name will be apended to the end of this text to display ex: 'Follow us on Twitter'"/>

		<param name="ic60" type="imagelist" default="" label="Choose Icon" description="Select the icon image that you want to display" directory="/modules/mod_socialmedialinksgenius/icons" striptext="" />
		<param name="url60" type="text" default="" size="75" label="URL" description="Type the full URL including http://"/>
		

		<param name="ht60" type="text" default="" size="75" label="Hover Text" description="Text to display when you mouseover the icon. ex: 'Follow us on' (The icon name will be apended to the end of this text to display ex: 'Follow us on Twitter'"/>

		<param name="ic61" type="imagelist" default="" label="Choose Icon" description="Select the icon image that you want to display" directory="/modules/mod_socialmedialinksgenius/icons" striptext="" />
		<param name="url61" type="text" default="" size="75" label="URL" description="Type the full URL including http://"/>
		

		<param name="ht61" type="text" default="" size="75" label="Hover Text" description="Text to display when you mouseover the icon. ex: 'Follow us on' (The icon name will be apended to the end of this text to display ex: 'Follow us on Twitter'"/>

		<param name="ic62" type="imagelist" default="" label="Choose Icon" description="Select the icon image that you want to display" directory="/modules/mod_socialmedialinksgenius/icons" striptext="" />
		<param name="url62" type="text" default="" size="75" label="URL" description="Type the full URL including http://"/>
		

		<param name="ht62" type="text" default="" size="75" label="Hover Text" description="Text to display when you mouseover the icon. ex: 'Follow us on' (The icon name will be apended to the end of this text to display ex: 'Follow us on Twitter'"/>

		<param name="ic63" type="imagelist" default="" label="Choose Icon" description="Select the icon image that you want to display" directory="/modules/mod_socialmedialinksgenius/icons" striptext="" />
		<param name="url63" type="text" default="" size="75" label="URL" description="Type the full URL including http://"/>
		

		<param name="ht63" type="text" default="" size="75" label="Hover Text" description="Text to display when you mouseover the icon. ex: 'Follow us on' (The icon name will be apended to the end of this text to display ex: 'Follow us on Twitter'"/>

		<param name="ic64" type="imagelist" default="" label="Choose Icon" description="Select the icon image that you want to display" directory="/modules/mod_socialmedialinksgenius/icons" striptext="" />
		<param name="url64" type="text" default="" size="75" label="URL" description="Type the full URL including http://"/>


		<param name="ht64" type="text" default="" size="75" label="Hover Text" description="Text to display when you mouseover the icon. ex: 'Follow us on' (The icon name will be apended to the end of this text to display ex: 'Follow us on Twitter'"/>

		<param name="ic65" type="imagelist" default="" label="Choose Icon" description="Select the icon image that you want to display" directory="/modules/mod_socialmedialinksgenius/icons" striptext="" />
		<param name="url65" type="text" default="" size="75" label="URL" description="Type the full URL including http://"/>

		<param name="ht65" type="text" default="" size="75" label="Hover Text" description="Text to display when you mouseover the icon. ex: 'Follow us on' (The icon name will be apended to the end of this text to display ex: 'Follow us on Twitter'"/>

		<param name="ic66" type="imagelist" default="" label="Choose Icon" description="Select the icon image that you want to display" directory="/modules/mod_socialmedialinksgenius/icons" striptext="" />
		<param name="url66" type="text" default="" size="75" label="URL" description="Type the full URL including http://"/>

		<param name="ht66" type="text" default="" size="75" label="Hover Text" description="Text to display when you mouseover the icon. ex: 'Follow us on' (The icon name will be apended to the end of this text to display ex: 'Follow us on Twitter'"/>

		<param name="ic67" type="imagelist" default="" label="Choose Icon" description="Select the icon image that you want to display" directory="/modules/mod_socialmedialinksgenius/icons" striptext="" />
		<param name="url67" type="text" default="" size="75" label="URL" description="Type the full URL including http://"/>

		<param name="ht67" type="text" default="" size="75" label="Hover Text" description="Text to display when you mouseover the icon. ex: 'Follow us on' (The icon name will be apended to the end of this text to display ex: 'Follow us on Twitter'"/>

		<param name="ic68" type="imagelist" default="" label="Choose Icon" description="Select the icon image that you want to display" directory="/modules/mod_socialmedialinksgenius/icons" striptext="" />
		<param name="url68" type="text" default="" size="75" label="URL" description="Type the full URL including http://"/>

		<param name="ht68" type="text" default="" size="75" label="Hover Text" description="Text to display when you mouseover the icon. ex: 'Follow us on' (The icon name will be apended to the end of this text to display ex: 'Follow us on Twitter'"/>

		<param name="ic69" type="imagelist" default="" label="Choose Icon" description="Select the icon image that you want to display" directory="/modules/mod_socialmedialinksgenius/icons" striptext="" />
		<param name="url69" type="text" default="" size="75" label="URL" description="Type the full URL including http://"/>

		<param name="ht69" type="text" default="" size="75" label="Hover Text" description="Text to display when you mouseover the icon. ex: 'Follow us on' (The icon name will be apended to the end of this text to display ex: 'Follow us on Twitter'"/>

		<param name="ic70" type="imagelist" default="" label="Choose Icon" description="Select the icon image that you want to display" directory="/modules/mod_socialmedialinksgenius/icons" striptext="" />
		<param name="url70" type="text" default="" size="75" label="URL" description="Type the full URL including http://"/>


		<param name="ht70" type="text" default="" size="75" label="Hover Text" description="Text to display when you mouseover the icon. ex: 'Follow us on' (The icon name will be apended to the end of this text to display ex: 'Follow us on Twitter'"/>

		<param name="ic71" type="imagelist" default="" label="Choose Icon" description="Select the icon image that you want to display" directory="/modules/mod_socialmedialinksgenius/icons" striptext="" />
		<param name="url71" type="text" default="" size="75" label="URL" description="Type the full URL including http://"/>

		<param name="ht71" type="text" default="" size="75" label="Hover Text" description="Text to display when you mouseover the icon. ex: 'Follow us on' (The icon name will be apended to the end of this text to display ex: 'Follow us on Twitter'"/>

		<param name="ic72" type="imagelist" default="" label="Choose Icon" description="Select the icon image that you want to display" directory="/modules/mod_socialmedialinksgenius/icons" striptext="" />
		<param name="url72" type="text" default="" size="75" label="URL" description="Type the full URL including http://"/>

		<param name="ht72" type="text" default="" size="75" label="Hover Text" description="Text to display when you mouseover the icon. ex: 'Follow us on' (The icon name will be apended to the end of this text to display ex: 'Follow us on Twitter'"/>

		<param name="ic73" type="imagelist" default="" label="Choose Icon" description="Select the icon image that you want to display" directory="/modules/mod_socialmedialinksgenius/icons" striptext="" />
		<param name="url73" type="text" default="" size="75" label="URL" description="Type the full URL including http://"/>

		<param name="ht73" type="text" default="" size="75" label="Hover Text" description="Text to display when you mouseover the icon. ex: 'Follow us on' (The icon name will be apended to the end of this text to display ex: 'Follow us on Twitter'"/>

		<param name="ic74" type="imagelist" default="" label="Choose Icon" description="Select the icon image that you want to display" directory="/modules/mod_socialmedialinksgenius/icons" striptext="" />
		<param name="url74" type="text" default="" size="75" label="URL" description="Type the full URL including http://"/>

		<param name="ht74" type="text" default="" size="75" label="Hover Text" description="Text to display when you mouseover the icon. ex: 'Follow us on' (The icon name will be apended to the end of this text to display ex: 'Follow us on Twitter'"/>

		<param name="ic75" type="imagelist" default="" label="Choose Icon" description="Select the icon image that you want to display" directory="/modules/mod_socialmedialinksgenius/icons" striptext="" />
		<param name="url75" type="text" default="" size="75" label="URL" description="Type the full URL including http://"/>

		<param name="ht75" type="text" default="" size="75" label="Hover Text" description="Text to display when you mouseover the icon. ex: 'Follow us on' (The icon name will be apended to the end of this text to display ex: 'Follow us on Twitter'"/>

		<param name="ic76" type="imagelist" default="" label="Choose Icon" description="Select the icon image that you want to display" directory="/modules/mod_socialmedialinksgenius/icons" striptext="" />
		<param name="url76" type="text" default="" size="75" label="URL" description="Type the full URL including http://"/>

		<param name="ht76" type="text" default="" size="75" label="Hover Text" description="Text to display when you mouseover the icon. ex: 'Follow us on' (The icon name will be apended to the end of this text to display ex: 'Follow us on Twitter'"/>

		<param name="ic77" type="imagelist" default="" label="Choose Icon" description="Select the icon image that you want to display" directory="/modules/mod_socialmedialinksgenius/icons" striptext="" />
		<param name="url77" type="text" default="" size="75" label="URL" description="Type the full URL including http://"/>

		<param name="ht77" type="text" default="" size="75" label="Hover Text" description="Text to display when you mouseover the icon. ex: 'Follow us on' (The icon name will be apended to the end of this text to display ex: 'Follow us on Twitter'"/>

		<param name="ic78" type="imagelist" default="" label="Choose Icon" description="Select the icon image that you want to display" directory="/modules/mod_socialmedialinksgenius/icons" striptext="" />
		<param name="url78" type="text" default="" size="75" label="URL" description="Type the full URL including http://"/>

		<param name="ht78" type="text" default="" size="75" label="Hover Text" description="Text to display when you mouseover the icon. ex: 'Follow us on' (The icon name will be apended to the end of this text to display ex: 'Follow us on Twitter'"/>

		<param name="ic79" type="imagelist" default="" label="Choose Icon" description="Select the icon image that you want to display" directory="/modules/mod_socialmedialinksgenius/icons" striptext="" />
		<param name="url79" type="text" default="" size="75" label="URL" description="Type the full URL including http://"/>

		<param name="ht79" type="text" default="" size="75" label="Hover Text" description="Text to display when you mouseover the icon. ex: 'Follow us on' (The icon name will be apended to the end of this text to display ex: 'Follow us on Twitter'"/>

		<param name="ic80" type="imagelist" default="" label="Choose Icon" description="Select the icon image that you want to display" directory="/modules/mod_socialmedialinksgenius/icons" striptext="" />
		<param name="url80" type="text" default="" size="75" label="URL" description="Type the full URL including http://"/>

		<param name="ht80" type="text" default="" size="75" label="Hover Text" description="Text to display when you mouseover the icon. ex: 'Follow us on' (The icon name will be apended to the end of this text to display ex: 'Follow us on Twitter'"/>

		<param name="ic81" type="imagelist" default="" label="Choose Icon" description="Select the icon image that you want to display" directory="/modules/mod_socialmedialinksgenius/icons" striptext="" />
		<param name="url81" type="text" default="" size="75" label="URL" description="Type the full URL including http://"/>

		<param name="ht81" type="text" default="" size="75" label="Hover Text" description="Text to display when you mouseover the icon. ex: 'Follow us on' (The icon name will be apended to the end of this text to display ex: 'Follow us on Twitter'"/>

		<param name="ic82" type="imagelist" default="" label="Choose Icon" description="Select the icon image that you want to display" directory="/modules/mod_socialmedialinksgenius/icons" striptext="" />
		<param name="url82" type="text" default="" size="75" label="URL" description="Type the full URL including http://"/>

		<param name="ht82" type="text" default="" size="75" label="Hover Text" description="Text to display when you mouseover the icon. ex: 'Follow us on' (The icon name will be apended to the end of this text to display ex: 'Follow us on Twitter'"/>

		<param name="ic83" type="imagelist" default="" label="Choose Icon" description="Select the icon image that you want to display" directory="/modules/mod_socialmedialinksgenius/icons" striptext="" />
		<param name="url83" type="text" default="" size="75" label="URL" description="Type the full URL including http://"/>

		<param name="ht83" type="text" default="" size="75" label="Hover Text" description="Text to display when you mouseover the icon. ex: 'Follow us on' (The icon name will be apended to the end of this text to display ex: 'Follow us on Twitter'"/>

		<param name="ic84" type="imagelist" default="" label="Choose Icon" description="Select the icon image that you want to display" directory="/modules/mod_socialmedialinksgenius/icons" striptext="" />
		<param name="url84" type="text" default="" size="75" label="URL" description="Type the full URL including http://"/>

		<param name="ht84" type="text" default="" size="75" label="Hover Text" description="Text to display when you mouseover the icon. ex: 'Follow us on' (The icon name will be apended to the end of this text to display ex: 'Follow us on Twitter'"/>

		<param name="ic85" type="imagelist" default="" label="Choose Icon" description="Select the icon image that you want to display" directory="/modules/mod_socialmedialinksgenius/icons" striptext="" />
		<param name="url85" type="text" default="" size="75" label="URL" description="Type the full URL including http://"/>

		<param name="ht85" type="text" default="" size="75" label="Hover Text" description="Text to display when you mouseover the icon. ex: 'Follow us on' (The icon name will be apended to the end of this text to display ex: 'Follow us on Twitter'"/>

		<param name="ic86" type="imagelist" default="" label="Choose Icon" description="Select the icon image that you want to display" directory="/modules/mod_socialmedialinksgenius/icons" striptext="" />
		<param name="url86" type="text" default="" size="75" label="URL" description="Type the full URL including http://"/>

		<param name="ht86" type="text" default="" size="75" label="Hover Text" description="Text to display when you mouseover the icon. ex: 'Follow us on' (The icon name will be apended to the end of this text to display ex: 'Follow us on Twitter'"/>

		<param name="ic87" type="imagelist" default="" label="Choose Icon" description="Select the icon image that you want to display" directory="/modules/mod_socialmedialinksgenius/icons" striptext="" />
		<param name="url87" type="text" default="" size="75" label="URL" description="Type the full URL including http://"/>

		<param name="ht87" type="text" default="" size="75" label="Hover Text" description="Text to display when you mouseover the icon. ex: 'Follow us on' (The icon name will be apended to the end of this text to display ex: 'Follow us on Twitter'"/>

		<param name="ic88" type="imagelist" default="" label="Choose Icon" description="Select the icon image that you want to display" directory="/modules/mod_socialmedialinksgenius/icons" striptext="" />
		<param name="url88" type="text" default="" size="75" label="URL" description="Type the full URL including http://"/>

		<param name="ht88" type="text" default="" size="75" label="Hover Text" description="Text to display when you mouseover the icon. ex: 'Follow us on' (The icon name will be apended to the end of this text to display ex: 'Follow us on Twitter'"/>

		<param name="ic89" type="imagelist" default="" label="Choose Icon" description="Select the icon image that you want to display" directory="/modules/mod_socialmedialinksgenius/icons" striptext="" />
		<param name="url89" type="text" default="" size="75" label="URL" description="Type the full URL including http://"/>

		<param name="ht89" type="text" default="" size="75" label="Hover Text" description="Text to display when you mouseover the icon. ex: 'Follow us on' (The icon name will be apended to the end of this text to display ex: 'Follow us on Twitter'"/>

		<param name="ic90" type="imagelist" default="" label="Choose Icon" description="Select the icon image that you want to display" directory="/modules/mod_socialmedialinksgenius/icons" striptext="" />
		<param name="url90" type="text" default="" size="75" label="URL" description="Type the full URL including http://"/>

		<param name="ht90" type="text" default="" size="75" label="Hover Text" description="Text to display when you mouseover the icon. ex: 'Follow us on' (The icon name will be apended to the end of this text to display ex: 'Follow us on Twitter'"/>

		<param name="ic91" type="imagelist" default="" label="Choose Icon" description="Select the icon image that you want to display" directory="/modules/mod_socialmedialinksgenius/icons" striptext="" />
		<param name="url91" type="text" default="" size="75" label="URL" description="Type the full URL including http://"/>

		<param name="ht91" type="text" default="" size="75" label="Hover Text" description="Text to display when you mouseover the icon. ex: 'Follow us on' (The icon name will be apended to the end of this text to display ex: 'Follow us on Twitter'"/>

		<param name="ic92" type="imagelist" default="" label="Choose Icon" description="Select the icon image that you want to display" directory="/modules/mod_socialmedialinksgenius/icons" striptext="" />
		<param name="url92" type="text" default="" size="75" label="URL" description="Type the full URL including http://"/>

		<param name="ht92" type="text" default="" size="75" label="Hover Text" description="Text to display when you mouseover the icon. ex: 'Follow us on' (The icon name will be apended to the end of this text to display ex: 'Follow us on Twitter'"/>

		<param name="ic93" type="imagelist" default="" label="Choose Icon" description="Select the icon image that you want to display" directory="/modules/mod_socialmedialinksgenius/icons" striptext="" />
		<param name="url93" type="text" default="" size="75" label="URL" description="Type the full URL including http://"/>

		<param name="ht93" type="text" default="" size="75" label="Hover Text" description="Text to display when you mouseover the icon. ex: 'Follow us on' (The icon name will be apended to the end of this text to display ex: 'Follow us on Twitter'"/>

		<param name="ic94" type="imagelist" default="" label="Choose Icon" description="Select the icon image that you want to display" directory="/modules/mod_socialmedialinksgenius/icons" striptext="" />
		<param name="url94" type="text" default="" size="75" label="URL" description="Type the full URL including http://"/>

		<param name="ht94" type="text" default="" size="75" label="Hover Text" description="Text to display when you mouseover the icon. ex: 'Follow us on' (The icon name will be apended to the end of this text to display ex: 'Follow us on Twitter'"/>

		<param name="ic95" type="imagelist" default="" label="Choose Icon" description="Select the icon image that you want to display" directory="/modules/mod_socialmedialinksgenius/icons" striptext="" />
		<param name="url95" type="text" default="" size="75" label="URL" description="Type the full URL including http://"/>

		<param name="ht95" type="text" default="" size="75" label="Hover Text" description="Text to display when you mouseover the icon. ex: 'Follow us on' (The icon name will be apended to the end of this text to display ex: 'Follow us on Twitter'"/>

		<param name="ic96" type="imagelist" default="" label="Choose Icon" description="Select the icon image that you want to display" directory="/modules/mod_socialmedialinksgenius/icons" striptext="" />
		<param name="url96" type="text" default="" size="75" label="URL" description="Type the full URL including http://"/>

		<param name="ht96" type="text" default="" size="75" label="Hover Text" description="Text to display when you mouseover the icon. ex: 'Follow us on' (The icon name will be apended to the end of this text to display ex: 'Follow us on Twitter'"/>

		<param name="ic97" type="imagelist" default="" label="Choose Icon" description="Select the icon image that you want to display" directory="/modules/mod_socialmedialinksgenius/icons" striptext="" />
		<param name="url97" type="text" default="" size="75" label="URL" description="Type the full URL including http://"/>

		<param name="ht97" type="text" default="" size="75" label="Hover Text" description="Text to display when you mouseover the icon. ex: 'Follow us on' (The icon name will be apended to the end of this text to display ex: 'Follow us on Twitter'"/>

		<param name="ic98" type="imagelist" default="" label="Choose Icon" description="Select the icon image that you want to display" directory="/modules/mod_socialmedialinksgenius/icons" striptext="" />
		<param name="url98" type="text" default="" size="75" label="URL" description="Type the full URL including http://"/>

		<param name="ht98" type="text" default="" size="75" label="Hover Text" description="Text to display when you mouseover the icon. ex: 'Follow us on' (The icon name will be apended to the end of this text to display ex: 'Follow us on Twitter'"/>

		<param name="ic99" type="imagelist" default="" label="Choose Icon" description="Select the icon image that you want to display" directory="/modules/mod_socialmedialinksgenius/icons" striptext="" />
		<param name="url99" type="text" default="" size="75" label="URL" description="Type the full URL including http://"/>

		<param name="ht99" type="text" default="" size="75" label="Hover Text" description="Text to display when you mouseover the icon. ex: 'Follow us on' (The icon name will be apended to the end of this text to display ex: 'Follow us on Twitter'"/>

		<param name="ic100" type="imagelist" default="" label="Choose Icon" description="Select the icon image that you want to display" directory="/modules/mod_socialmedialinksgenius/icons" striptext="" />
		<param name="url100" type="text" default="" size="75" label="URL" description="Type the full URL including http://"/>

		<param name="ht100" type="text" default="" size="75" label="Hover Text" description="Text to display when you mouseover the icon. ex: 'Follow us on' (The icon name will be apended to the end of this text to display ex: 'Follow us on Twitter'"/>

		<param name="ic101" type="imagelist" default="" label="Choose Icon" description="Select the icon image that you want to display" directory="/modules/mod_socialmedialinksgenius/icons" striptext="" />
		<param name="url101" type="text" default="" size="75" label="URL" description="Type the full URL including http://"/>

		<param name="ht101" type="text" default="" size="75" label="Hover Text" description="Text to display when you mouseover the icon. ex: 'Follow us on' (The icon name will be apended to the end of this text to display ex: 'Follow us on Twitter'"/>

		<param name="ic102" type="imagelist" default="" label="Choose Icon" description="Select the icon image that you want to display" directory="/modules/mod_socialmedialinksgenius/icons" striptext="" />
		<param name="url102" type="text" default="" size="75" label="URL" description="Type the full URL including http://"/>

		<param name="ht102" type="text" default="" size="75" label="Hover Text" description="Text to display when you mouseover the icon. ex: 'Follow us on' (The icon name will be apended to the end of this text to display ex: 'Follow us on Twitter'"/>

		<param name="ic103" type="imagelist" default="" label="Choose Icon" description="Select the icon image that you want to display" directory="/modules/mod_socialmedialinksgenius/icons" striptext="" />
		<param name="url103" type="text" default="" size="75" label="URL" description="Type the full URL including http://"/>

		<param name="ht103" type="text" default="" size="75" label="Hover Text" description="Text to display when you mouseover the icon. ex: 'Follow us on' (The icon name will be apended to the end of this text to display ex: 'Follow us on Twitter'"/>

		<param name="ic104" type="imagelist" default="" label="Choose Icon" description="Select the icon image that you want to display" directory="/modules/mod_socialmedialinksgenius/icons" striptext="" />
		<param name="url104" type="text" default="" size="75" label="URL" description="Type the full URL including http://"/>

		<param name="ht104" type="text" default="" size="75" label="Hover Text" description="Text to display when you mouseover the icon. ex: 'Follow us on' (The icon name will be apended to the end of this text to display ex: 'Follow us on Twitter'"/>

		<param name="ic105" type="imagelist" default="" label="Choose Icon" description="Select the icon image that you want to display" directory="/modules/mod_socialmedialinksgenius/icons" striptext="" />
		<param name="url105" type="text" default="" size="75" label="URL" description="Type the full URL including http://"/>

		<param name="ht105" type="text" default="" size="75" label="Hover Text" description="Text to display when you mouseover the icon. ex: 'Follow us on' (The icon name will be apended to the end of this text to display ex: 'Follow us on Twitter'"/>

		<param name="ic106" type="imagelist" default="" label="Choose Icon" description="Select the icon image that you want to display" directory="/modules/mod_socialmedialinksgenius/icons" striptext="" />
		<param name="url106" type="text" default="" size="75" label="URL" description="Type the full URL including http://"/>

		<param name="ht106" type="text" default="" size="75" label="Hover Text" description="Text to display when you mouseover the icon. ex: 'Follow us on' (The icon name will be apended to the end of this text to display ex: 'Follow us on Twitter'"/>

		<param name="ic107" type="imagelist" default="" label="Choose Icon" description="Select the icon image that you want to display" directory="/modules/mod_socialmedialinksgenius/icons" striptext="" />
		<param name="url107" type="text" default="" size="75" label="URL" description="Type the full URL including http://"/>

		<param name="ht107" type="text" default="" size="75" label="Hover Text" description="Text to display when you mouseover the icon. ex: 'Follow us on' (The icon name will be apended to the end of this text to display ex: 'Follow us on Twitter'"/>

		<param name="ic108" type="imagelist" default="" label="Choose Icon" description="Select the icon image that you want to display" directory="/modules/mod_socialmedialinksgenius/icons" striptext="" />
		<param name="url108" type="text" default="" size="75" label="URL" description="Type the full URL including http://"/>

		<param name="ht108" type="text" default="" size="75" label="Hover Text" description="Text to display when you mouseover the icon. ex: 'Follow us on' (The icon name will be apended to the end of this text to display ex: 'Follow us on Twitter'"/>

		<param name="ic109" type="imagelist" default="" label="Choose Icon" description="Select the icon image that you want to display" directory="/modules/mod_socialmedialinksgenius/icons" striptext="" />
		<param name="url109" type="text" default="" size="75" label="URL" description="Type the full URL including http://"/>

		<param name="ht109" type="text" default="" size="75" label="Hover Text" description="Text to display when you mouseover the icon. ex: 'Follow us on' (The icon name will be apended to the end of this text to display ex: 'Follow us on Twitter'"/>

		<param name="ic110" type="imagelist" default="" label="Choose Icon" description="Select the icon image that you want to display" directory="/modules/mod_socialmedialinksgenius/icons" striptext="" />
		<param name="url110" type="text" default="" size="75" label="URL" description="Type the full URL including http://"/>

		<param name="ht110" type="text" default="" size="75" label="Hover Text" description="Text to display when you mouseover the icon. ex: 'Follow us on' (The icon name will be apended to the end of this text to display ex: 'Follow us on Twitter'"/>

		<param name="ic111" type="imagelist" default="" label="Choose Icon" description="Select the icon image that you want to display" directory="/modules/mod_socialmedialinksgenius/icons" striptext="" />
		<param name="url111" type="text" default="" size="75" label="URL" description="Type the full URL including http://"/>

		<param name="ht111" type="text" default="" size="75" label="Hover Text" description="Text to display when you mouseover the icon. ex: 'Follow us on' (The icon name will be apended to the end of this text to display ex: 'Follow us on Twitter'"/>

		<param name="ic112" type="imagelist" default="" label="Choose Icon" description="Select the icon image that you want to display" directory="/modules/mod_socialmedialinksgenius/icons" striptext="" />
		<param name="url112" type="text" default="" size="75" label="URL" description="Type the full URL including http://"/>

		<param name="ht112" type="text" default="" size="75" label="Hover Text" description="Text to display when you mouseover the icon. ex: 'Follow us on' (The icon name will be apended to the end of this text to display ex: 'Follow us on Twitter'"/>

		<param name="ic113" type="imagelist" default="" label="Choose Icon" description="Select the icon image that you want to display" directory="/modules/mod_socialmedialinksgenius/icons" striptext="" />
		<param name="url113" type="text" default="" size="75" label="URL" description="Type the full URL including http://"/>

		<param name="ht113" type="text" default="" size="75" label="Hover Text" description="Text to display when you mouseover the icon. ex: 'Follow us on' (The icon name will be apended to the end of this text to display ex: 'Follow us on Twitter'"/>

		<param name="ic114" type="imagelist" default="" label="Choose Icon" description="Select the icon image that you want to display" directory="/modules/mod_socialmedialinksgenius/icons" striptext="" />
		<param name="url114" type="text" default="" size="75" label="URL" description="Type the full URL including http://"/>

		<param name="ht114" type="text" default="" size="75" label="Hover Text" description="Text to display when you mouseover the icon. ex: 'Follow us on' (The icon name will be apended to the end of this text to display ex: 'Follow us on Twitter'"/>
v
		<param name="ic115" type="imagelist" default="" label="Choose Icon" description="Select the icon image that you want to display" directory="/modules/mod_socialmedialinksgenius/icons" striptext="" />
		<param name="url115" type="text" default="" size="75" label="URL" description="Type the full URL including http://"/>

		<param name="ht115" type="text" default="" size="75" label="Hover Text" description="Text to display when you mouseover the icon. ex: 'Follow us on' (The icon name will be apended to the end of this text to display ex: 'Follow us on Twitter'"/>

		<param name="ic116" type="imagelist" default="" label="Choose Icon" description="Select the icon image that you want to display" directory="/modules/mod_socialmedialinksgenius/icons" striptext="" />
		<param name="url116" type="text" default="" size="75" label="URL" description="Type the full URL including http://"/>

		<param name="ht116" type="text" default="" size="75" label="Hover Text" description="Text to display when you mouseover the icon. ex: 'Follow us on' (The icon name will be apended to the end of this text to display ex: 'Follow us on Twitter'"/>

		<param name="ic117" type="imagelist" default="" label="Choose Icon" description="Select the icon image that you want to display" directory="/modules/mod_socialmedialinksgenius/icons" striptext="" />
		<param name="url117" type="text" default="" size="75" label="URL" description="Type the full URL including http://"/>

		<param name="ht117" type="text" default="" size="75" label="Hover Text" description="Text to display when you mouseover the icon. ex: 'Follow us on' (The icon name will be apended to the end of this text to display ex: 'Follow us on Twitter'"/>

		<param name="ic118" type="imagelist" default="" label="Choose Icon" description="Select the icon image that you want to display" directory="/modules/mod_socialmedialinksgenius/icons" striptext="" />
		<param name="url118" type="text" default="" size="75" label="URL" description="Type the full URL including http://"/>

		<param name="ht118" type="text" default="" size="75" label="Hover Text" description="Text to display when you mouseover the icon. ex: 'Follow us on' (The icon name will be apended to the end of this text to display ex: 'Follow us on Twitter'"/>

		<param name="ic119" type="imagelist" default="" label="Choose Icon" description="Select the icon image that you want to display" directory="/modules/mod_socialmedialinksgenius/icons" striptext="" />
		<param name="url119" type="text" default="" size="75" label="URL" description="Type the full URL including http://"/>

		<param name="ht119" type="text" default="" size="75" label="Hover Text" description="Text to display when you mouseover the icon. ex: 'Follow us on' (The icon name will be apended to the end of this text to display ex: 'Follow us on Twitter'"/>

		<param name="spacer20" type="spacer" default="&lt;div style=&quot;font-size:12px;color:#000;padding:4px;margin:0;background:#fff000;&quot;&gt;Support the Author&lt;/div&gt;" />

	 	<param name="credits" type="radio" label="Support the Author?" description="Display a backlink to the Author's website?" default="yes">
			<option value="yes">Yes</option>
		</param>

                </params>
</install>
